,/m/09l8g,/m/01w250,/m/09hlz4,/m/0bpl036,/m/0160x5,/m/0k65p,/m/01jg02,/m/04xp5v,/t/dd00012,/t/dd00099,/t/dd00109,/t/dd00110,/m/05n1m,/m/028v0c,/t/dd00122,/m/068hy,/m/0ch8v,/m/01280g,/m/07yv9,/m/02mk9,/t/dd00071,/m/0395lw,/m/07pp_mv,/t/dd00077,/m/07k1x,/m/014zdl,/m/083vt,/m/039jq,/m/04k94,/t/dd00089,/t/dd00133,/m/04szw,/m/0kpv1t,/t/dd00027,/t/dd00028,/t/dd00030,/m/03m9d0z,/m/0jb2l,/m/0838f,/m/02_41,/t/dd00093,/m/096m7z,/m/07bm98
0,/m/09l8g,/m/01w250,/m/09hlz4,/m/0bpl036,/m/0160x5,/m/0k65p,/m/01jg02,/m/04xp5v,/t/dd00012,/t/dd00099,/t/dd00109,/t/dd00110,/m/05n1m,/m/028v0c,/t/dd00122,/m/068hy,/m/0ch8v,/m/01280g,/m/07yv9,/m/02mk9,/t/dd00071,/m/0395lw,/m/07pp_mv,/t/dd00077,/m/07k1x,/m/014zdl,/m/083vt,/m/039jq,/m/04k94,/t/dd00089,/t/dd00133,/m/04szw,/m/0kpv1t,/t/dd00027,/t/dd00028,/t/dd00030,/m/03m9d0z,/m/0jb2l,/m/0838f,/m/02_41,/t/dd00093,/m/096m7z,/m/07bm98
1,/m/09x0r,/m/079vc8,/m/0lyf6,/m/06h7j,/m/03cczk,/m/025_jnm,/m/01jg1z,/m/0pv6y,/m/0l15bq,/m/07pws3f,/m/07qb_dv,/m/07plct2,/t/dd000138,,/m/01v_m0,/m/0bt9lr,/m/03k3r,/m/0cdnk,/m/019jd,/t/dd00065,/m/02dgv,/m/03w41f,/m/07cx4,/m/02bm9n,/m/03l9g,/m/032s66,/m/07pczhz,/m/07q7njn,/m/07rrlb6,/m/0790c,/m/018w8,/m/0fx80y,/m/064t9,/m/074ft,/m/025td0t,/t/dd00031,/m/07q8f3b,/m/0ngt1,/m/06mb1,/m/07pzfmf,/t/dd00125,/m/093_4n,/m/07c52
2,/m/05zppz,,/m/07mzm6,/m/07qv_x_,/m/07pdhp0,/m/0l15bq,,,/m/053hz1,/m/07ryjzk,/m/07qv4k0,/t/dd00112,/m/02fs_r,,/m/0b9m1,/m/05tny_,/m/07rv9rh,/m/04cvmfc,/m/0hsrw,/m/08j51y,/m/03wwcy,/m/0239kh,/m/07pp8cl,/m/01x3z,/m/03p19w,/m/04zjc,/m/07pl1bw,/m/07rn7sz,/m/07p6mqd,/m/04179zz,,/m/0342h,/m/0glt670,/m/09dsr,/m/02cjck,/t/dd00032,/m/09t49,,/m/07r10fb,/m/0fjy1,/t/dd00126,/m/06_y0by,/m/06bz3
3,/m/02zsn,,/m/01d3sd,/m/07pbtc8,/m/0939n_,,,,/m/028ght,/m/07rdhzs,/m/07pdjhy,/m/07qcx4z,/m/07qwdck,,/m/0hdsk,/m/07r_k2n,/m/07q5rw0,/m/0ghcn6,/m/056ks2,/m/01yg9g,/m/07r67yg,/m/027m70_,/m/01hnzm,/m/07qjznt,/m/01b82r,/m/02z32qm,/m/07qs1cx,,/m/07qlwh6,/m/0dl83,,/m/02sgy,/m/04j_h4,/m/05jcn,/m/03r5q_,/t/dd00033,/t/dd00092,,/t/dd00038,,/t/dd00127,/m/09d1b1,/m/0cfpc
4,/m/0ytgt,,/m/07s0dtb,,/m/01g90h,,,,/m/07rkbfh,/m/07pjjrj,/m/07s8j8t,,/m/07phxs1,,/m/0c1dj,/m/07qf0zm,/t/dd00139,/m/015p6,/m/02rlv9,/m/01j4z9,/m/02y_763,/m/0gy1t2s,/m/01sb50,/m/07qjznl,/m/02p01q,/m/0_1c,/m/07pc8l3,,/m/07r5v4s,/m/07rqsjt,,/m/018vs,/m/0n8zsc8,/m/022c7z,/m/0l14gg,/t/dd00034,,,/m/0j6m2,,/t/dd00128,/m/07rgkc5,/m/01b7fy
5,/m/01h8n0,,/m/07pyy8b,,/m/03q5_w,,,,/m/03qtwd,/m/07pc8lb,/m/07pt6mm,,/m/07rv4dm,,/m/07pt_g0,/m/07rc7d9,/t/dd00140,/m/020bb7,/m/06q74,/t/dd00066,/m/07rjzl8,/m/07n_g,/m/02c8p,/m/0l7xg,/m/023vsd,/m/073cg4,,,/m/07prgkl,/m/07qnq_y,,/m/042v_gx,/m/02cz_7,/m/05xp3j,/m/07pkxdp,/t/dd00035,,,/m/0j2kx,,/t/dd00129,/m/06xkwv,/m/025l19
6,/m/02qldy,,/m/07q0yl5,,/m/02p3nc,,,,/m/07qfr4h,/m/07pqn27,,,/m/07rpk1c,,/m/01fhw5,/m/0ghcn6,/m/0ffhf,/m/07pggtn,/m/012f08,/t/dd00067,/m/07r4wb8,/m/0f8s22,/m/015jpf,/m/05zc1,/m/0_ksk,/m/0g6b5,,,/m/07pqc89,/m/07rrh0c,,/m/06w87,/m/06by7,/m/01gp74,/m/01z7dr,/t/dd00036,,,/m/05kq4,,/m/01b9nn,/m/0g12c5,/m/07hvw1
7,/m/0261r1,,/m/01b_21,,/m/02_nn,,,,/m/04v5dt,/m/07r4wb8,,,/m/07pggtn,,/m/017gp,/t/dd00136,/m/01xq0k1,/m/07sx8x_,/m/0k4j,/m/04229,/m/07qcpgn,/m/026fgl,/m/01z47d,/m/0llzx,/m/01d380,/g/122z_qxw,,,/t/dd00088,/t/dd00108,,/m/01glhc,/m/03lty,/m/0b128,/m/0140xf,/t/dd00037,,,/m/034srq,,/m/01jnbd,/m/08p9q4,/m/0174nj
8,/m/0brhx,,/m/0dl9sf8,,,,,,/t/dd00013,/m/07qcpgn,,,/m/07pjwq1,,/m/05szwhw,/m/07srf8z,/m/07rpkh9,/m/0h0rv,/m/0912c9,/m/01h82_,/m/07q6cd_,/m/0150b9,/m/046dlr,/m/02x984l,/m/08j51y,/m/07qsvvw,,,/m/07p7b8y,/m/07pk7mg,,/m/07s0s5r,/m/05r6t,/m/021wwz,/m/0ggx5q,,,,/m/06wzb,,,/m/07qfr4h,/m/01www
9,/m/07p6fty,,/m/01hsr_,,,,,,/t/dd00135,/m/07qnq_y,,,/m/07q6cd_,,,/m/01yrx,/m/0239kh,/m/07r_25d,/m/07qv_d5,/t/dd00130,/m/0642b4,,/m/03kmc9,/m/025wky1,,/m/07pxg6y,,,/m/07qlf79,/t/dd00091,,/m/018j2,/m/0dls3,/m/0kc2j,/m/04wptg,,,,/m/07rjwbb,,,/m/07szfh9,/m/04zc0
10,/m/07q4ntr,,/m/07ppn3j,,,,,,,/m/07rrh0c,,,/m/07s02z0,,,/m/02yds9,/m/01hhp3,/m/04s8yn,/m/02mfyn,/m/07pb8fc,/m/0fqfqc,,/m/04qvtq,/m/024dl,,/m/07qqyl4,,,/m/07ptzwd,/m/0hg7b,,/m/0jtg0,/m/0dl5d,/m/03w6d1,/t/dd00029,,,,/m/07swgks,,,/m/0chx_,
11,/m/07rwj3x,,,,,,,,,/t/dd00108,,,/m/07q8k13,,,/m/07qrkrw,/m/068zj,/m/07r5c2p,/m/04gxbd,/m/07q2z82,/m/04brg2,,/m/012n7d,/m/01m4t,,/m/0193bn,,,/m/07ptfmf,/t/dd00092,,/m/04rzd,/m/07sbbz2,,,,,,,,,/m/0cj0r,
12,/m/07sr1lc,,,,,,,,,/m/07rbp7_,,,/m/07rjwbb,,,/m/07rjwbb,/t/dd00018,/m/09d5_,/m/07rknqz,,/m/023pjk,,/m/012ndj,/m/0dv5r,,,,,/m/0dv3j,/m/0b_fwt,,/m/01bns_,/m/05w3f,,,,,,,,,/m/07p_0gm,
13,/m/04gy_2,,,,,,,,,/m/07pyf11,,,/m/07qh7jl,,,/m/0f25s6,/m/03fwl,/m/07r_80w,/m/0h9mv,,/m/07pn_8q,,/m/0dgbq,/m/07bjf,,,,,,/m/01vfsf,,/m/07xzm,/m/06j6l,,,,,,,,,/m/01jwx6,
14,/t/dd00135,,,,,,,,,,,,/m/07qn4z3,,,/m/07r81j2,/m/07q0h5t,/m/01dwxx,/t/dd00134,,/m/0dxrf,,/m/03wwcy,,,,,,,/m/02rr_,,/m/05148p4,/m/0gywn,,,,,,,,,,
15,/m/03qc9zr,,,,,,,,,,,,/m/07rqsjt,,,,/m/07bgp,/m/05_wcq,/m/0ltv,,/m/0fx9l,,/m/07r67yg,,,,,,,/m/07m2kt,,/m/05r5c,/m/06cqb,,,,,,,,,,
16,/m/02rtxlg,,,,,,,,,,,,/m/07qwyj0,,,,/m/025rv6n,/m/01z5f,/m/07r04,,/m/02pjr4,,/m/030rvx,,,,,,,,,/m/01s0ps,/m/0190y4,,,,,,,,,,
17,/m/01j3sz,,,,,,,,,,,,/m/07s34ls,,,,/m/09b5t,/m/07qf0zm,/m/0gvgw0,,/g/11b630rrvh,,/m/01y3hg,,,,,,,,,/m/025cbm,/m/01lyv,,,,,,,,,,
18,/t/dd00001,,,,,,,,,,,,/m/07qmpdm,,,,/m/07st89h,/m/06hps,/m/05x_td,,/m/02jz0l,,/m/0c3f7m,,,,,,,,,/m/0bxl5,/m/015y_n,,,,,,,,,,
19,/m/07r660_,,,,,,,,,,,,/m/07p9k1k,,,,/m/07qn5dc,/m/04rmv,/m/02rhddq,,/m/0130jx,,/m/02mfyn,,,,,,,,,/m/013y1f,/m/0gg8l,,,,,,,,,,
20,/m/07s04w4,,,,,,,,,,,,/m/07qc9xj,,,,/m/01rd7k,/m/02021,/m/03cl9h,,/m/03dnzn,,/m/0912c9,,,,,,,,,/m/03xq_f,/m/02x8m,,,,,,,,,,
21,/m/07sq110,,,,,,,,,,,,/m/07qjznt,,,,/m/07svc2k,/m/07r4gkf,/m/01bjv,,/m/03wvsk,,/m/07qv_d5,,,,,,,,,/m/03gvt,/m/02w4v,,,,,,,,,,
22,/m/07rgt08,,,,,,,,,,,,/m/07rv9rh,,,,/m/09ddx,/m/03vt0,/m/03j1ly,,/m/01jt3m,,/m/0gy1t2s,,,,,,,,,/m/0l14qv,/m/06j64v,,,,,,,,,,
23,/m/0463cq4,,,,,,,,,,,,/m/07rwm0c,,,,/m/07qdb04,/m/09xqv,/m/04qvtq,,/m/012xff,,/m/05x_td,,,,,,,,,/m/01v1d8,/m/03_d0,,,,,,,,,,
24,/t/dd00002,,,,,,,,,,,,/m/07phhsh,,,,/m/0dbvp,/m/09f96,/m/012n7d,,/m/04fgwm,,/m/04fq5q,,,,,,,,,/m/0gkd1,/m/026z9,,,,,,,,,,
25,/m/07qz6j3,,,,,,,,,,,,/m/07r_r9m,,,,/m/07qwf61,/m/0h2mp,/m/012ndj,,/m/0d31p,,/m/0l156k,,,,,,,,,/m/03q5t,/m/0ggq0m,,,,,,,,,,
26,/m/07qw_06,,,,,,,,,,,,/m/07qyrcz,,,,,/m/07pjwq1,/m/04_sv,,/m/01s0vc,,/g/11b630rrvh,,,,,,,,,/m/0l14md,/m/05lls,,,,,,,,,,
27,/m/07plz5l,,,,,,,,,,,,/m/07qfgpx,,,,,/m/01h3n,/m/0btp2,,/m/0zmy2j9,,/m/06hck5,,,,,,,,,/m/02hnl,/m/02lkt,,,,,,,,,,
28,/m/015lz1,,,,,,,,,,,,/t/dd00118,,,,,/m/09ld4,/m/06d_3,,/m/03v3yw,,,,,,,,,,,/m/0cfdd,/m/03mb9,,,,,,,,,,
29,/m/0l14jd,,,,,,,,,,,,/m/07q34h3,,,,,/m/07st88b,/m/07jdr,,/m/0242l,,,,,,,,,,,/m/026t6,/m/07gxw,,,,,,,,,,
30,/m/01swy6,,,,,,,,,,,,/m/07rcgpl,,,,,/m/078jl,/m/04zmvq,,/m/05mxj0q,,,,,,,,,,,/m/06rvn,/m/07s72n,,,,,,,,,,
31,/m/02bk07,,,,,,,,,,,,/m/07qlwh6,,,,,/m/07rjwbb,/m/0284vy3,,/m/01lsmm,,,,,,,,,,,/m/03t3fj,/m/029h7y,,,,,,,,,,
32,/m/01c194,,,,,,,,,,,,/m/07p78v5,,,,,/m/07qn4z3,/m/01g50p,,/m/02g901,,,,,,,,,,,/m/02k_mr,/m/0283d,,,,,,,,,,
33,/t/dd00003,,,,,,,,,,,,/t/dd00121,,,,,/m/032n05,/t/dd00048,,/m/05rj2,,,,,,,,,,,/m/0bm02,/m/01f9gb,,,,,,,,,,
34,/t/dd00004,,,,,,,,,,,,/m/07pzfmf,,,,,,/m/0195fx,,/m/0316dw,,,,,,,,,,,/m/011k_j,/m/0m0jc,,,,,,,,,,
35,/t/dd00005,,,,,,,,,,,,/m/07s12q4,,,,,,/m/0k5j,,/m/0c2wf,,,,,,,,,,,/m/01p970,/m/08cyft,,,,,,,,,,
36,/t/dd00006,,,,,,,,,,,,/m/07qs1cx,,,,,,/m/014yck,,/m/01m2v,,,,,,,,,,,/m/01qbl,/m/0fd3y,,,,,,,,,,
37,/m/06bxc,,,,,,,,,,,,/m/07pc8l3,,,,,,/m/04229,,/m/081rb,,,,,,,,,,,/m/03qtq,/m/052smk,,,,,,,,,,
38,/m/02fxyj,,,,,,,,,,,,,,,,,,/m/02l6bg,,,,,,,,,,,,,/m/0bm0k,/m/07lnk,,,,,,,,,,
39,/m/07s2xch,,,,,,,,,,,,,,,,,,/m/09ct_,,,,,,,,,,,,,/m/0239kh,/m/0m0fw,,,,,,,,,,
40,/m/07r4k75,,,,,,,,,,,,,,,,,,/m/0cmf2,,,,,,,,,,,,,/m/01sm1g,/m/0bmfpc,,,,,,,,,,
41,/m/01j423,,,,,,,,,,,,,,,,,,/t/dd00061,,,,,,,,,,,,,/m/07brj,/m/0g293,,,,,,,,,,
42,,,,,,,,,,,,,,,,,,,/m/0199g,,,,,,,,,,,,,/m/05r5wn,/m/02ccj9,,,,,,,,,,
43,,,,,,,,,,,,,,,,,,,/m/0gy1t2s,,,,,,,,,,,,,/m/0xzly,/m/0ln16,,,,,,,,,,
44,,,,,,,,,,,,,,,,,,,/m/06_fw,,,,,,,,,,,,,/m/0mbct,/m/0kpck,,,,,,,,,,
45,,,,,,,,,,,,,,,,,,,,,,,,,,,,,,,,/m/016622,/m/080nby,,,,,,,,,,
46,,,,,,,,,,,,,,,,,,,,,,,,,,,,,,,,/m/0j45pbj,/m/05q7ms,,,,,,,,,,
47,,,,,,,,,,,,,,,,,,,,,,,,,,,,,,,,/m/0dwsp,/m/0326g,,,,,,,,,,
48,,,,,,,,,,,,,,,,,,,,,,,,,,,,,,,,/m/0dwtp,/m/0155w,,,,,,,,,,
49,,,,,,,,,,,,,,,,,,,,,,,,,,,,,,,,/m/0dwt5,/m/05fw6t,,,,,,,,,,
50,,,,,,,,,,,,,,,,,,,,,,,,,,,,,,,,/m/0l156b,/m/02v2lh,,,,,,,,,,
51,,,,,,,,,,,,,,,,,,,,,,,,,,,,,,,,/m/05pd6,/m/0y4f8,,,,,,,,,,
52,,,,,,,,,,,,,,,,,,,,,,,,,,,,,,,,/m/01kcd,/m/0z9c,,,,,,,,,,
53,,,,,,,,,,,,,,,,,,,,,,,,,,,,,,,,/m/0319l,/m/02bk07,,,,,,,,,,
54,,,,,,,,,,,,,,,,,,,,,,,,,,,,,,,,/m/07gql,/m/01c194,,,,,,,,,,
55,,,,,,,,,,,,,,,,,,,,,,,,,,,,,,,,/m/07c6l,/m/0164x2,,,,,,,,,,
56,,,,,,,,,,,,,,,,,,,,,,,,,,,,,,,,/m/020w2,/m/0145m,,,,,,,,,,
57,,,,,,,,,,,,,,,,,,,,,,,,,,,,,,,,/m/0y64j,/m/022dgg,,,,,,,,,,
58,,,,,,,,,,,,,,,,,,,,,,,,,,,,,,,,/m/0l14_3,/m/02mscn,,,,,,,,,,
59,,,,,,,,,,,,,,,,,,,,,,,,,,,,,,,,/m/02qmj0d,/m/016cjb,,,,,,,,,,
60,,,,,,,,,,,,,,,,,,,,,,,,,,,,,,,,/m/07y_7,/m/028sqc,,,,,,,,,,
61,,,,,,,,,,,,,,,,,,,,,,,,,,,,,,,,/m/0d8_n,/m/015vgc,,,,,,,,,,
62,,,,,,,,,,,,,,,,,,,,,,,,,,,,,,,,/m/01xqw,/m/0dq0md,,,,,,,,,,
63,,,,,,,,,,,,,,,,,,,,,,,,,,,,,,,,/m/02fsn,/m/06rqw,,,,,,,,,,
64,,,,,,,,,,,,,,,,,,,,,,,,,,,,,,,,/m/085jw,/m/02p0sh1,,,,,,,,,,
65,,,,,,,,,,,,,,,,,,,,,,,,,,,,,,,,/m/0l14j_,/m/05rwpb,,,,,,,,,,
66,,,,,,,,,,,,,,,,,,,,,,,,,,,,,,,,/m/06ncr,,,,,,,,,,,
67,,,,,,,,,,,,,,,,,,,,,,,,,,,,,,,,/m/02pprs,,,,,,,,,,,
68,,,,,,,,,,,,,,,,,,,,,,,,,,,,,,,,/m/03t22m,,,,,,,,,,,
69,,,,,,,,,,,,,,,,,,,,,,,,,,,,,,,,/m/01wy6,,,,,,,,,,,
70,,,,,,,,,,,,,,,,,,,,,,,,,,,,,,,,/m/05kms,,,,,,,,,,,
71,,,,,,,,,,,,,,,,,,,,,,,,,,,,,,,,/m/01c3q,,,,,,,,,,,
72,,,,,,,,,,,,,,,,,,,,,,,,,,,,,,,,/m/03m5k,,,,,,,,,,,
73,,,,,,,,,,,,,,,,,,,,,,,,,,,,,,,,/m/0l14jd,,,,,,,,,,,
74,,,,,,,,,,,,,,,,,,,,,,,,,,,,,,,,/m/0395lw,,,,,,,,,,,
75,,,,,,,,,,,,,,,,,,,,,,,,,,,,,,,,/m/03w41f,,,,,,,,,,,
76,,,,,,,,,,,,,,,,,,,,,,,,,,,,,,,,/m/027m70_,,,,,,,,,,,
77,,,,,,,,,,,,,,,,,,,,,,,,,,,,,,,,/m/0gy1t2s,,,,,,,,,,,
78,,,,,,,,,,,,,,,,,,,,,,,,,,,,,,,,/m/07n_g,,,,,,,,,,,
79,,,,,,,,,,,,,,,,,,,,,,,,,,,,,,,,/m/0f8s22,,,,,,,,,,,
80,,,,,,,,,,,,,,,,,,,,,,,,,,,,,,,,/m/026fgl,,,,,,,,,,,
81,,,,,,,,,,,,,,,,,,,,,,,,,,,,,,,,/m/0150b9,,,,,,,,,,,
82,,,,,,,,,,,,,,,,,,,,,,,,,,,,,,,,/m/03qjg,,,,,,,,,,,
83,,,,,,,,,,,,,,,,,,,,,,,,,,,,,,,,/m/0mkg,,,,,,,,,,,
84,,,,,,,,,,,,,,,,,,,,,,,,,,,,,,,,/m/0192l,,,,,,,,,,,
85,,,,,,,,,,,,,,,,,,,,,,,,,,,,,,,,/m/02bxd,,,,,,,,,,,
86,,,,,,,,,,,,,,,,,,,,,,,,,,,,,,,,/m/0l14l2,,,,,,,,,,,
87,,,,,,,,,,,,,,,,,,,,,,,,,,,,,,,,/m/07kc_,,,,,,,,,,,
88,,,,,,,,,,,,,,,,,,,,,,,,,,,,,,,,/m/0l14t7,,,,,,,,,,,
89,,,,,,,,,,,,,,,,,,,,,,,,,,,,,,,,/m/05229,,,,,,,,,,,
90,,,,,,,,,,,,,,,,,,,,,,,,,,,,,,,,/m/01vj9c,,,,,,,,,,,
91,,,,,,,,,,,,,,,,,,,,,,,,,,,,,,,,/m/01hgjl,,,,,,,,,,,
